{"stat.useItem.minecraft.yellow_glazed_terracotta":4,"stat.pickup.minecraft.log":2,"stat.walkOneCm":16020,"stat.useItem.arcadia.plasto_pickaxe":9,"stat.jump":22,"stat.playOneMinute":7691,"stat.useItem.minecraft.planks":4,"stat.useItem.minecraft.iron_axe":1,"stat.leaveGame":1,"stat.useItem.minecraft.sponge":6,"stat.mineBlock.minecraft.cobblestone":12,"stat.useItem.minecraft.log":1,"stat.useItem.minecraft.cobblestone":5,"stat.useItem.arcadia.plasto_axe":1,"stat.furnaceInteraction":1,"stat.timeSinceDeath":7691,"stat.useItem.minecraft.furnace":2,"stat.pickup.minecraft.cobblestone":12,"stat.useItem.minecraft.iron_pickaxe":3,"stat.useItem.minecraft.stone_slab2":25,"stat.mineBlock.minecraft.log":2}