{"stat.walkOneCm":6251,"stat.leaveGame":1,"stat.mineBlock.minecraft.cobblestone":3,"stat.useItem.minecraft.log":2,"stat.useItem.arcadia.plasto_axe":3,"stat.useItem.minecraft.cobblestone":2,"stat.useItem.arcadia.plasto_shovel":2,"stat.pickup.minecraft.cobblestone":3,"stat.mineBlock.minecraft.log":5,"stat.pickup.arcadia.plasto_pickaxe":1,"stat.pickup.minecraft.log":5,"stat.flyOneCm":44,"stat.useItem.arcadia.plasto_pickaxe":3,"stat.jump":6,"stat.playOneMinute":2040,"stat.sneakTime":82,"stat.crouchOneCm":194,"stat.timeSinceDeath":2040,"stat.pickup.arcadia.plasto_axe":1,"stat.pickup.minecraft.dirt":2,"stat.useItem.minecraft.dirt":1,"stat.pickup.arcadia.plasto_shovel":1,"stat.sprintOneCm":34,"stat.mineBlock.minecraft.dirt":2,"stat.useItem.minecraft.stone_slab2":5}