{"stat.useItem.arcadia.plasto_hoe":3,"stat.walkOneCm":13148,"stat.useItem.arcadia.plasto_pickaxe":3,"stat.jump":8,"stat.playOneMinute":6524,"stat.leaveGame":1,"stat.sneakTime":2,"stat.useItem.minecraft.log":6,"stat.mineBlock.minecraft.cobblestone":3,"stat.useItem.arcadia.plasto_shovel":26,"stat.useItem.minecraft.cobblestone":12,"stat.useItem.arcadia.plasto_axe":4,"stat.timeSinceDeath":6524,"stat.pickup.minecraft.dirt":17,"stat.useItem.minecraft.dirt":23,"stat.mineBlock.minecraft.dirt":20,"stat.mineBlock.minecraft.log":4,"stat.useItem.minecraft.armor_stand":4}