{
  "minecraft:story/obtain_armor": {
    "criteria": {
      "iron_helmet": "2018-02-06 17:17:39 +0100"
    },
    "done": true
  },
  "minecraft:recipes/decorations/chest": {
    "criteria": {
      "has_lots_of_items": "2018-02-06 17:17:36 +0100"
    },
    "done": true
  },
  "minecraft:story/shiny_gear": {
    "criteria": {
      "diamond_chestplate": "2018-02-06 17:17:34 +0100"
    },
    "done": true
  },
  "minecraft:adventure/adventuring_time": {
    "criteria": {
      "plains": "2018-02-06 17:16:57 +0100"
    },
    "done": false
  }
}