{
  "minecraft:story/obtain_armor": {
    "criteria": {
      "iron_helmet": "2018-02-06 16:57:59 +0100"
    },
    "done": true
  },
  "minecraft:recipes/decorations/chest": {
    "criteria": {
      "has_lots_of_items": "2018-02-06 16:57:59 +0100"
    },
    "done": true
  },
  "minecraft:story/shiny_gear": {
    "criteria": {
      "diamond_chestplate": "2018-02-06 16:58:14 +0100"
    },
    "done": true
  },
  "minecraft:adventure/adventuring_time": {
    "criteria": {
      "plains": "2018-02-06 16:56:32 +0100"
    },
    "done": false
  }
}